method,path,kind,permission,scope,roles,note
GET,/,public,,,,S-01 application entry
GET,/api/v1/accounting/charging/sessions,user,accounting.sessions.read,all,accountant,
GET,/api/v1/accounting/charging/sessions/{transaction_id}/events,user,accounting.sessions.read,all,accountant,
GET,/api/v1/accounting/charging/sessions/{transaction_id}/samples,user,accounting.sessions.read,all,accountant,
GET,/api/v1/admin/account-audit,user,admin.account_audit,all,admin,
GET,/api/v1/admin/accounts,user,admin.list_accounts,all,admin,
POST,/api/v1/admin/accounts,user,admin.accounts.manage,all,admin,
GET,/api/v1/admin/accounts/{user_id},user,admin.get_account,all,admin,
PATCH,/api/v1/admin/accounts/{user_id},user,admin.accounts.manage,all,admin,
GET,/api/v1/admin/charging/cards,user,admin.charging.cards,all,admin,
GET,/api/v1/admin/charging/pending,user,admin.charging.pending_messages,all,admin,
GET,/api/v1/admin/charging/sessions,user,admin.charging.sessions,all,admin,
GET,/api/v1/admin/charging/sessions/{transaction_id}/events,user,admin.charging.session_events,all,admin,
GET,/api/v1/admin/charging/sessions/{transaction_id}/samples,user,admin.charging.samples,all,admin,
POST,/api/v1/admin/drivers/{driver_id}/wallet/manual-topups,user,admin.wallet.manual_topup,all,admin,
GET,/api/v1/admin/ocpp/connections,user,admin.monitor.read,all,admin,
GET,/api/v1/admin/ocpp/connections/events,user,admin.monitor.read,all,admin,
GET,/api/v1/admin/roles,user,admin.list_roles,all,admin,
GET,/api/v1/admin/stations,user,admin.stations.list_stations,all,admin,
GET,/api/v1/admin/stations/{station_id},user,admin.stations.get_station,all,admin,
GET,/api/v1/admin/stations/{station_id}/charge-points,user,admin.stations.list_charge_points,all,admin,
GET,/api/v1/admin/stations/{station_id}/photo,user,admin.photos.get_photo,all,admin,
GET,/api/v1/admin/system-health,user,admin.health.read,all,admin,
GET,/api/v1/admin/system-health/history,user,admin.health.read,all,admin,
POST,/api/v1/admin/wallets/{wallet_id}/adjustments,user,admin.wallet.adjust,all,admin,
POST,/api/v1/admin/wallets/{wallet_id}/repair-cache,user,admin.wallet.repair_cache,all,admin,
POST,/api/v1/admin/wallets/{wallet_id}/unlock,user,admin.wallet.unlock,all,admin,
PUT,/api/v1/auth/default-role,user,identity.default_role.choose,own,"accountant,admin,driver,operator,station_owner",
POST,/api/v1/auth/login,public,,,,S-02 credentials checked by login service
POST,/api/v1/auth/logout,public,,,,Idempotent cookie/session revocation
GET,/api/v1/auth/me,user,identity.me.read,own,"accountant,admin,driver,operator,station_owner",
GET,/api/v1/charge-points/code-availability,user,owner.chargers.get_code_availability,owned,station_owner,
PATCH,/api/v1/charge-points/{charge_point_id},user,owner.chargers.update_charge_point_code,owned,station_owner,
GET,/api/v1/charging/cards,user,owner.charging.cards,owned,station_owner,
POST,/api/v1/charging/cards,user,owner.charging.create_card,owned,station_owner,
PATCH,/api/v1/charging/cards/{card_id},user,owner.charging.update_card,owned,station_owner,
GET,/api/v1/charging/pending,user,owner.charging.pending_messages,owned,station_owner,
GET,/api/v1/charging/sessions,user,owner.charging.sessions,owned,station_owner,
POST,/api/v1/charging/sessions/{transaction_id}/close,user,ops.sessions.close,all,operator,
GET,/api/v1/charging/sessions/{transaction_id}/events,user,owner.charging.session_events,owned,station_owner,
GET,/api/v1/charging/sessions/{transaction_id}/samples,user,owner.charging.samples,owned,station_owner,
GET,/api/v1/driver/charging/current,user,driver.current,own,driver,
GET,/api/v1/driver/charging/current/events,user,driver.current,own,driver,
GET,/api/v1/driver/charging/sessions/{session_id},user,driver.detail,own,driver,
POST,/api/v1/driver/charging/start,user,driver.start,own,driver,
GET,/api/v1/driver/stations,user,driver.discover_stations,own,driver,
GET,/api/v1/driver/stations/{station_id}/connectors,user,driver.connectors,own,driver,
GET,/api/v1/driver/wallet,user,driver.wallet.read,own_wallet,driver,
POST,/api/v1/driver/wallet/topups,user,driver.wallet.topup,own_wallet,driver,
GET,/api/v1/driver/wallet/topups/{order_id},user,driver.wallet.topup.read,own_wallet,driver,
GET,/api/v1/driver/wallet/transactions,user,driver.wallet.ledger,own_wallet,driver,
POST,/api/v1/ocpp/charge-points/{charger_id}/reset,user,ops.connector.reset,all,operator,
GET,/api/v1/ocpp/commands/{command_id},user,ops.commands.read,own,operator,
GET,/api/v1/ocpp/connections,user,owner.monitor.read,owned,station_owner,
GET,/api/v1/ocpp/connections/events,user,owner.monitor.read,owned,station_owner,
GET,/api/v1/ocpp/control-audit,user,admin.control_audit.read,all,admin,
POST,/api/v1/ocpp/sessions/{transaction_id}/stop,user,ops.session.stop,all,operator,
GET,/api/v1/ops/charging/cards,user,ops.charging.cards,all,operator,
POST,/api/v1/ops/charging/cards,user,ops.cards.manage,all,operator,
PATCH,/api/v1/ops/charging/cards/{card_id},user,ops.cards.manage,all,operator,
GET,/api/v1/ops/charging/pending,user,ops.charging.pending_messages,all,operator,
GET,/api/v1/ops/charging/sessions,user,ops.charging.sessions,all,operator,
GET,/api/v1/ops/charging/sessions/{transaction_id}/events,user,ops.charging.session_events,all,operator,
GET,/api/v1/ops/charging/sessions/{transaction_id}/samples,user,ops.charging.samples,all,operator,
GET,/api/v1/ops/ocpp/connections,user,ops.monitor.read,all,operator,
GET,/api/v1/ops/ocpp/connections/events,user,ops.monitor.read,all,operator,
GET,/api/v1/ops/stations,user,ops.stations.list_stations,all,operator,
GET,/api/v1/ops/stations/{station_id},user,ops.stations.get_station,all,operator,
GET,/api/v1/ops/stations/{station_id}/charge-points,user,ops.stations.list_charge_points,all,operator,
GET,/api/v1/ops/stations/{station_id}/photo,user,ops.photos.get_photo,all,operator,
GET,/api/v1/owner/charge-points/code-availability,user,owner.chargers.get_code_availability,owned,station_owner,
PATCH,/api/v1/owner/charge-points/{charge_point_id},user,owner.chargers.update_charge_point_code,owned,station_owner,
GET,/api/v1/owner/charging/cards,user,owner.charging.cards,owned,station_owner,
POST,/api/v1/owner/charging/cards,user,owner.charging.create_card,owned,station_owner,
PATCH,/api/v1/owner/charging/cards/{card_id},user,owner.charging.update_card,owned,station_owner,
GET,/api/v1/owner/charging/pending,user,owner.charging.pending_messages,owned,station_owner,
GET,/api/v1/owner/charging/sessions,user,owner.charging.sessions,owned,station_owner,
GET,/api/v1/owner/charging/sessions/{transaction_id}/events,user,owner.charging.session_events,owned,station_owner,
GET,/api/v1/owner/charging/sessions/{transaction_id}/samples,user,owner.charging.samples,owned,station_owner,
GET,/api/v1/owner/ocpp/connections,user,owner.monitor.read,owned,station_owner,
GET,/api/v1/owner/ocpp/connections/events,user,owner.monitor.read,owned,station_owner,
GET,/api/v1/owner/stations,user,owner.stations.list_stations,owned,station_owner,
POST,/api/v1/owner/stations,user,owner.stations.create_station,owned,station_owner,
GET,/api/v1/owner/stations/{station_id},user,owner.stations.get_station,owned,station_owner,
PATCH,/api/v1/owner/stations/{station_id},user,owner.stations.update_station,owned,station_owner,
GET,/api/v1/owner/stations/{station_id}/charge-points,user,owner.stations.list_charge_points,owned,station_owner,
POST,/api/v1/owner/stations/{station_id}/charge-points,user,owner.stations.create_charge_point,owned,station_owner,
DELETE,/api/v1/owner/stations/{station_id}/photo,user,owner.photos.delete_photo,owned,station_owner,
GET,/api/v1/owner/stations/{station_id}/photo,user,owner.photos.get_photo,owned,station_owner,
PUT,/api/v1/owner/stations/{station_id}/photo,user,owner.photos.put_photo,owned,station_owner,
POST,/api/v1/owner/stations/{station_id}/tariffs,user,owner.tariff.manage,owned,station_owner,
GET,/api/v1/owner/stations/{station_id}/tariffs/context,user,owner.tariff.manage,owned,station_owner,
POST,/api/v1/payments/fake/dispatch,public,,,,Fake payment webhook trigger endpoint
GET,/api/v1/payments/fake/pay,public,,,,Fake payment gateway web page
POST,/api/v1/payments/webhook,public,,,,T-95 payment webhook endpoint
GET,/api/v1/stations,user,owner.stations.list_stations,owned,station_owner,
POST,/api/v1/stations,user,owner.stations.create_station,owned,station_owner,
GET,/api/v1/stations/{station_id},user,owner.stations.get_station,owned,station_owner,
PATCH,/api/v1/stations/{station_id},user,owner.stations.update_station,owned,station_owner,
GET,/api/v1/stations/{station_id}/charge-points,user,owner.stations.list_charge_points,owned,station_owner,
POST,/api/v1/stations/{station_id}/charge-points,user,owner.stations.create_charge_point,owned,station_owner,
DELETE,/api/v1/stations/{station_id}/photo,user,owner.photos.delete_photo,owned,station_owner,
GET,/api/v1/stations/{station_id}/photo,user,owner.photos.get_photo,owned,station_owner,
PUT,/api/v1/stations/{station_id}/photo,user,owner.photos.put_photo,owned,station_owner,
GET,/docs,public,,,,Generated API documentation
HEAD,/docs,public,,,,Generated API documentation
GET,/docs/oauth2-redirect,public,,,,Generated API documentation
HEAD,/docs/oauth2-redirect,public,,,,Generated API documentation
GET,/health/live,public,,,,Infrastructure liveness
GET,/health/ready,public,,,,Infrastructure readiness
WEBSOCKET,/ocpp/{charge_point_code},device,,,,S-06 registered charger and OCPP subprotocol admission; S-08 Boot authorization
GET,/openapi.json,public,,,,Generated API documentation
HEAD,/openapi.json,public,,,,Generated API documentation
GET,/redoc,public,,,,Generated API documentation
HEAD,/redoc,public,,,,Generated API documentation
